url,name,address,city,state,phone
https://splinternetmarketing.com/local-pros/ak/juneau/hesson-deakins/,Results,"601 W Willoughby Ave, Juneau, AK 99801",Juneau,AK,(907) 463-5577
http://www.elgeerehfeld.com/,Results,"9309 Glacier Hwy b200, Juneau, AK 99801",Juneau,AK,(907) 789-3178
http://juneaualaskatax.com/,Results,"9340 Glacier Hwy #43b, Juneau, AK 99801",Juneau,AK,(907) 789-3091
http://www.logantaxpractice.com/,Results,"2245 Jordan Ave, Juneau, AK 99801",Juneau,AK,(907) 789-3894
https://altrogco.com/,Results,"175 S Franklin St #412, Juneau, AK 99801",Juneau,AK,(907) 586-3993
http://richard-earl.com/about_us,Results,"2215 Jordan Ave, Juneau, AK 99801",Juneau,AK,(907) 789-9898
https://www.hrblock.com/tax-office-near-me/alaska/juneau/25974/?otppartnerid=9308&campaignid=pw_mcm_9308_9762&utm_medium=local,Results,"9105 Mendenhall Mall Rd Ste 320, Juneau, AK 99801",Juneau,AK,(907) 603-6015
https://www.balancedbooksalaska.com/,Results,"3560 N Douglas Hwy, Juneau, AK 99801",Juneau,AK,
https://fp-financial.com/,Results,"119 Seward St Ste 8, Juneau, AK 99801",Juneau,AK,(907) 463-5511
https://agents.countryfinancial.com/usa/ak/juneau/emil-mackey,Results,"Nugget mall, 8745 Glacier Hwy #322, Juneau, AK 99801",Juneau,AK,(907) 500-7017
https://www.stellarfinancialservices.com/,Results,"2235 Jordan Ave, Juneau, AK 99801",Juneau,AK,(907) 790-4033
http://www.louannandassociates.com/,Results,,Juneau,AK,(541) 417-1174
http://www.allenmarinetours.com/,Results,"13391 Glacier Hwy, Juneau, AK 99801",Juneau,AK,(907) 789-0081
https://juneau.org/finance/assessor-office,Results,"1208 Glacier Ave, Juneau, AK 99801",Juneau,AK,(907) 586-5215
https://www.baxterbrucelaw.com/?npcmp=dir:local:2559740:99801,Results,"9309 Glacier Hwy Ste A-201, Juneau, AK 99801",Juneau,AK,(907) 789-3166
http://www.alaskaaca.com/,Results,"Airport Shopping Center, 9131 Glacier Hwy #107, Juneau, AK 99801",Juneau,AK,(907) 789-5432
https://www.alaskatraveladventures.com/,Results,"9085 Glacier Hwy #301, Juneau, AK 99801",Juneau,AK,(907) 789-0052
https://advisor.ml.com/sites/ak/juneau-ak,Results,"801 W 10th St, Juneau, AK 99801",Juneau,AK,(907) 586-4103
https://advisor.ml.com/sites/ak/juneau-ak/vicki.alva,Results,"801 W 10th St, Juneau, AK 99801",Juneau,AK,(907) 463-1969
http://www.wostmann.com/,Results,"105 Heritage Wy #301, Juneau, AK 99801",Juneau,AK,(907) 586-6167
https://juneau.org/finance,Results,"105 Municipal Way #201, Juneau, AK 99801",Juneau,AK,(907) 586-5215
https://doa.alaska.gov/dof/help/contactus.html,Results,"333 Willoughby Ave #10, Juneau, AK 99801",Juneau,AK,(907) 465-2240
https://www.graceguidanceorder.com/,Results,,Juneau,AK,
http://www.donabel.biz/,Results,"9999 Glacier Hwy, Juneau, AK 99801",Juneau,AK,(907) 789-2155
https://www.rumrunnercharters.net/,Results,"11957 Glacier Hwy, Juneau, AK 99821",Juneau,AK,(907) 789-5482
https://www.facebook.com/profile.php?id=100083625151381,Results,,Juneau,AK,(907) 209-3060
https://www.ameripriseadvisors.com/team/heritage-wealth-advisors/contact?cid=IP_local_google,Results,"2201 Jordan Ave, Juneau, AK 99801",Juneau,AK,(800) 563-1636
https://www.thealaskaclub.com/?utm_source=google&utm_medium=organic&utm_campaign=gbp-tacjuneaudt-profile,Results,"641 W Willoughby Ave #210, Juneau, AK 99801",Juneau,AK,(907) 586-5773
https://www.officedepot.com/storelocator/ak/juneau/officemax-6858?utm_source=google&utm_medium=organic&utm_campaign=gmb_6858_website_retail,Results,"8745 Glacier Hwy #103, Juneau, AK 99801",Juneau,AK,(907) 921-9900
https://www.raymondjames.com/willoughbywealth,Results,"2231 Jordan Ave, Juneau, AK 99801",Juneau,AK,(907) 523-7942
https://nuvisionfederal.com/,Results,"9101 Glacier Hwy, Juneau, AK 99801",Juneau,AK,(800) 444-6327
https://coastalcalculations.com/,Results,,Juneau,AK,(907) 723-0300
http://cedargroupak.com/,Results,"175 S Franklin St #304, Juneau, AK 99801",Juneau,AK,(907) 957-8462
http://www.basslercpa.com/,Results,"801 W Fireweed Ln STE 202, Anchorage, AK 99503",Anchorage,AK,(907) 272-2041
http://www.admiraltyenvironmental.com/,Results,"641 W Willoughby Ave, Juneau, AK 99801",Juneau,AK,(907) 463-4415
http://eagleravenglobal.com/,Results,"1900 Crest St Ste 102, Juneau, AK 99801",Juneau,AK,(907) 313-1409
