url,name,address,city,state,phone
http://juneaualaskatax.com/,Results,"9340 Glacier Hwy #43b, Juneau, AK 99801",Juneau,AK,(907) 789-3091
http://www.elgeerehfeld.com/,Results,"9309 Glacier Hwy b200, Juneau, AK 99801",Juneau,AK,(907) 789-3178
https://splinternetmarketing.com/local-pros/ak/juneau/hesson-deakins/,Results,"601 W Willoughby Ave, Juneau, AK 99801",Juneau,AK,(907) 463-5577
http://www.logantaxpractice.com/,Results,"2245 Jordan Ave, Juneau, AK 99801",Juneau,AK,(907) 789-3894
http://richard-earl.com/about_us,Results,"2215 Jordan Ave, Juneau, AK 99801",Juneau,AK,(907) 789-9898
https://www.hrblock.com/tax-office-near-me/alaska/juneau/25974/?otppartnerid=9308&campaignid=pw_mcm_9308_9762&utm_medium=local,Results,"9105 Mendenhall Mall Rd Ste 320, Juneau, AK 99801",Juneau,AK,(907) 603-6015
https://altrogco.com/,Results,"175 S Franklin St #412, Juneau, AK 99801",Juneau,AK,(907) 586-3993
https://www.balancedbooksalaska.com/,Results,"3560 N Douglas Hwy, Juneau, AK 99801",Juneau,AK,
http://www.louannandassociates.com/,Results,,Auke Bay,AK,(541) 417-1174
https://agents.countryfinancial.com/usa/ak/juneau/emil-mackey,Results,"Nugget mall, 8745 Glacier Hwy #322, Juneau, AK 99801",Juneau,AK,(907) 500-7017
https://www.baxterbrucelaw.com/?npcmp=dir:local:2559740:99801,Results,"9309 Glacier Hwy Ste A-201, Juneau, AK 99801",Juneau,AK,(907) 789-3166
